1420895525158, ACCL, 0.20332336, 0.008483887, 9.541565
1420895525158, GYRO, 0.005645752, -6.1035156E-5, 5.645752E-4
1420895525187, ACCL, 0.20332336, 0.008483887, 9.541565
1420895525187, GYRO, 0.005645752, -6.1035156E-5, 5.645752E-4
1420895525218, ACCL, 0.20332336, 0.008483887, 9.541565
1420895525218, GYRO, 0.005645752, -6.1035156E-5, 5.645752E-4
1420895525248, ACCL, 0.17951965, 0.05609131, 9.584412
1420895525248, GYRO, 0.005645752, -6.1035156E-5, 5.645752E-4
1420895525278, ACCL, 0.1676178, -0.022460938, 9.620117
1420895525279, GYRO, 0.005645752, -6.1035156E-5, 5.645752E-4
1420895525308, ACCL, 0.17237854, 0.020385742, 9.610596
1420895525308, GYRO, 0.005645752, -6.1035156E-5, 5.645752E-4
1420895525338, ACCL, 0.17475891, 0.020385742, 9.601074
1420895525339, GYRO, 0.005645752, -6.1035156E-5, 5.645752E-4
1420895525368, ACCL, 0.17475891, 0.0013427734, 9.555847
1420895525368, GYRO, 0.005645752, -6.1035156E-5, 5.645752E-4
1420895525402, ACCL, 0.1676178, -0.015319824, 9.727234
1420895525402, GYRO, 0.005645752, -6.1035156E-5, 5.645752E-4
1420895525428, ACCL, 0.16047668, 0.027526855, 9.589172
1420895525428, GYRO, 0.005645752, -6.1035156E-5, 5.645752E-4
1420895525458, ACCL, 0.17713928, -0.0010375977, 9.567749
1420895525458, GYRO, 0.0077819824, -0.0021972656, 0.0016326904
1420895525489, ACCL, 0.16523743, -0.0010375977, 9.605835
1420895525490, GYRO, 0.006713867, -0.0021972656, 5.645752E-4
1420895525519, ACCL, 0.18190002, 0.020385742, 9.515381
1420895525519, GYRO, 0.0077819824, -0.0021972656, -0.0015716553
1420895525549, ACCL, 0.15333557, 0.03466797, 9.682007
1420895525549, GYRO, 0.005645752, -0.0011291504, 5.645752E-4
1420895525579, ACCL, 0.18666077, 0.018005371, 9.579651
1420895525580, GYRO, 0.006713867, -0.0021972656, -5.0354004E-4
1420895525610, ACCL, 0.17713928, -0.024841309, 9.612976
1420895525610, GYRO, 0.0077819824, -0.0032653809, 5.645752E-4
1420895525640, ACCL, 0.18666077, -0.0034179688, 9.57251
1420895525640, GYRO, 0.005645752, -0.0021972656, 5.645752E-4
1420895525670, ACCL, 0.1842804, -0.020080566, 9.63678
1420895525671, GYRO, 0.005645752, -0.0021972656, 5.645752E-4
1420895525700, ACCL, 0.1509552, -0.00579834, 9.558228
1420895525700, GYRO, 0.005645752, -0.0021972656, -5.0354004E-4
1420895525730, ACCL, 0.17713928, -0.02960205, 9.624878
1420895525730, GYRO, 0.005645752, -0.004333496, 5.645752E-4
1420895525760, ACCL, 0.15809631, 0.010864258, 9.570129
1420895525760, GYRO, 0.0077819824, -0.0032653809, 5.645752E-4
1420895525791, ACCL, 0.17475891, -0.015319824, 9.543945
1420895525791, GYRO, 0.0077819824, -0.0011291504, 0.0016326904
1420895525820, ACCL, 0.21760559, -0.0034179688, 9.643921
1420895525820, GYRO, 0.006713867, -0.004333496, 0.0016326904
1420895525851, ACCL, 0.14619446, -0.00579834, 9.582031
1420895525851, GYRO, 0.006713867, -0.0011291504, 5.645752E-4
1420895525881, ACCL, 0.2080841, -0.031982422, 9.582031
1420895525882, GYRO, 0.005645752, -0.0011291504, 5.645752E-4
1420895525911, ACCL, 0.24617004, -0.00579834, 9.582031
1420895525911, GYRO, 0.0077819824, -0.0011291504, 0.0016326904
1420895525941, ACCL, 0.16999817, 0.020385742, 9.641541
1420895525942, GYRO, 0.005645752, -0.0011291504, -5.0354004E-4
1420895525972, ACCL, 0.20570374, -0.017700195, 9.498718
1420895525972, GYRO, 0.0077819824, -0.0032653809, 5.645752E-4
1420895526002, ACCL, 0.17951965, -0.012939453, 9.646301
1420895526002, GYRO, 0.006713867, -0.0021972656, 0.0016326904
1420895526032, ACCL, 0.17951965, 0.0013427734, 9.50824
1420895526032, GYRO, 0.006713867, -0.0021972656, 5.645752E-4
1420895526062, ACCL, 0.18904114, 0.008483887, 9.662964
1420895526063, GYRO, 0.006713867, -0.0021972656, -5.0354004E-4
1420895526095, ACCL, 0.16999817, -0.022460938, 9.591553
1420895526095, GYRO, 0.005645752, -0.0032653809, -5.0354004E-4
1420895526126, ACCL, 0.15333557, 0.0061035156, 9.712952
1420895526126, GYRO, 0.008850098, -0.0032653809, 5.645752E-4
1420895526156, ACCL, 0.16285706, 0.0037231445, 9.622498
1420895526157, GYRO, 0.009918213, -0.0021972656, -5.0354004E-4
1420895526186, ACCL, 0.18666077, 0.022766113, 9.6605835
1420895526187, GYRO, 0.006713867, -0.0021972656, 5.645752E-4
1420895526216, ACCL, 0.18666077, 0.020385742, 9.579651
1420895526216, GYRO, 0.008850098, -0.0032653809, 5.645752E-4
1420895526247, ACCL, 0.20570374, -0.015319824, 9.565369
1420895526247, GYRO, 0.005645752, -0.0021972656, 5.645752E-4
1420895526277, ACCL, 0.20332336, -0.010559082, 9.612976
1420895526277, GYRO, 0.0077819824, -0.0021972656, 5.645752E-4
1420895526307, ACCL, 0.1676178, -0.039123535, 9.601074
1420895526307, GYRO, 0.006713867, -0.0032653809, 5.645752E-4
1420895526337, ACCL, 0.15571594, 0.015625, 9.615356
1420895526337, GYRO, 0.008850098, -0.0021972656, -5.0354004E-4
1420895526367, ACCL, 0.16047668, -0.022460938, 9.620117
1420895526368, GYRO, 0.006713867, -0.0011291504, -5.0354004E-4
1420895526397, ACCL, 0.17475891, 0.0061035156, 9.667725
1420895526397, GYRO, 0.006713867, -0.0032653809, 0.0016326904
1420895526428, ACCL, 0.16285706, 0.0013427734, 9.608215
1420895526429, GYRO, 0.0077819824, -0.0032653809, 5.645752E-4
1420895526457, ACCL, 0.13905334, -0.0034179688, 9.648682
1420895526458, GYRO, 0.006713867, -0.0021972656, -5.0354004E-4
1420895526487, ACCL, 0.16285706, -0.0010375977, 9.643921
1420895526487, GYRO, 0.006713867, -0.0021972656, -0.0015716553
1420895526517, ACCL, 0.16285706, -0.015319824, 9.634399
1420895526517, GYRO, 0.006713867, -0.0021972656, 5.645752E-4
1420895526547, ACCL, 0.200943, -0.008178711, 9.584412
1420895526548, GYRO, 0.006713867, -0.0011291504, 5.645752E-4
1420895526577, ACCL, 0.1842804, 0.022766113, 9.582031
1420895526577, GYRO, 0.008850098, -0.0021972656, 5.645752E-4
1420895526608, ACCL, 0.12953186, -0.008178711, 9.579651
1420895526608, GYRO, 0.0077819824, -0.0021972656, 5.645752E-4
1420895526638, ACCL, 0.15333557, -0.0034179688, 9.624878
1420895526638, GYRO, 0.0077819824, -0.0011291504, 5.645752E-4
1420895526668, ACCL, 0.15571594, -0.00579834, 9.593933
1420895526668, GYRO, 0.0077819824, -0.0021972656, -5.0354004E-4
1420895526698, ACCL, 0.200943, -0.022460938, 9.555847
1420895526699, GYRO, 0.006713867, -0.0021972656, -5.0354004E-4
1420895526728, ACCL, 0.18190002, -0.008178711, 9.648682
1420895526728, GYRO, 0.006713867, -0.0011291504, -5.0354004E-4
1420895526759, ACCL, 0.15571594, -0.031982422, 9.651062
1420895526759, GYRO, 0.0077819824, -0.0011291504, 5.645752E-4
1420895526788, ACCL, 0.15333557, 0.018005371, 9.653442
1420895526788, GYRO, 0.006713867, -0.0011291504, 5.645752E-4
1420895526819, ACCL, 0.15809631, 0.0013427734, 9.632019
1420895526819, GYRO, 0.005645752, -0.0011291504, -5.0354004E-4
1420895526849, ACCL, 0.16999817, -0.0034179688, 9.643921
1420895526849, GYRO, 0.0077819824, -0.0032653809, 0.0016326904
1420895526879, ACCL, 0.16285706, 0.008483887, 9.648682
1420895526879, GYRO, 0.006713867, -0.0032653809, -5.0354004E-4
1420895526909, ACCL, 0.1842804, -0.02722168, 9.677246
1420895526910, GYRO, 0.006713867, -0.0021972656, -5.0354004E-4
1420895526939, ACCL, 0.16047668, -0.024841309, 9.655823
1420895526939, GYRO, 0.005645752, -0.0011291504, -5.0354004E-4
1420895526969, ACCL, 0.17475891, -0.041503906, 9.686768
1420895526970, GYRO, 0.0077819824, -0.0021972656, 5.645752E-4
1420895526999, ACCL, 0.15809631, 0.022766113, 9.643921
1420895526999, GYRO, 0.006713867, -0.0021972656, 0.0016326904
1420895527030, ACCL, 0.17713928, 0.0037231445, 9.601074
1420895527030, GYRO, 0.0077819824, -0.0011291504, 5.645752E-4
1420895527060, ACCL, 0.17951965, -0.04626465, 9.63678
1420895527060, GYRO, 0.006713867, -0.0021972656, 5.645752E-4
1420895527089, ACCL, 0.1676178, 0.010864258, 9.541565
1420895527090, GYRO, 0.0077819824, -0.0021972656, 0.0027008057
1420895527119, ACCL, 0.18666077, -0.0034179688, 9.665344
1420895527119, GYRO, 0.008850098, -0.0011291504, -5.0354004E-4
1420895527149, ACCL, 0.18904114, -0.0010375977, 9.63678
1420895527150, GYRO, 0.0077819824, -0.0011291504, -5.0354004E-4
1420895527179, ACCL, 0.1842804, -0.031982422, 9.57251
1420895527179, GYRO, 0.0077819824, -0.0021972656, -5.0354004E-4
1420895527211, ACCL, 0.21760559, -0.010559082, 9.615356
1420895527211, GYRO, 0.006713867, -0.0021972656, 5.645752E-4
1420895527241, ACCL, 0.17713928, 0.010864258, 9.615356
1420895527242, GYRO, 0.0077819824, -0.0011291504, -5.0354004E-4
1420895527271, ACCL, 0.15809631, 0.018005371, 9.643921
1420895527271, GYRO, 0.0077819824, -0.0032653809, -5.0354004E-4
1420895527302, ACCL, 0.19856262, -0.043884277, 9.548706
1420895527302, GYRO, 0.005645752, -0.0021972656, -0.0015716553
1420895527332, ACCL, 0.1509552, 0.015625, 9.6605835
1420895527333, GYRO, 0.0077819824, -0.0021972656, 5.645752E-4
1420895527363, ACCL, 0.16523743, -0.008178711, 9.567749
1420895527363, GYRO, 0.006713867, -0.0032653809, -5.0354004E-4
1420895527394, ACCL, 0.19856262, -0.039123535, 9.610596
1420895527394, GYRO, 0.005645752, -0.0021972656, 5.645752E-4
1420895527424, ACCL, 0.18904114, -0.0034179688, 9.593933
1420895527425, GYRO, 0.006713867, -0.0011291504, 5.645752E-4
1420895527454, ACCL, 0.200943, 0.022766113, 9.667725
1420895527454, GYRO, 0.005645752, -0.0032653809, 5.645752E-4
1420895527485, ACCL, 0.17951965, -0.008178711, 9.601074
1420895527485, GYRO, 0.006713867, -0.0021972656, -5.0354004E-4
1420895527515, ACCL, 0.14381409, 0.022766113, 9.539185
1420895527516, GYRO, 0.006713867, -0.0011291504, -5.0354004E-4
1420895527545, ACCL, 0.15333557, -0.012939453, 9.643921
1420895527545, GYRO, 0.006713867, -0.0021972656, 5.645752E-4
1420895527576, ACCL, 0.17237854, -0.008178711, 9.658203
1420895527576, GYRO, 0.0077819824, -0.0021972656, 5.645752E-4
1420895527605, ACCL, 0.1676178, 0.03942871, 9.615356
1420895527605, GYRO, 0.006713867, -0.0021972656, 5.645752E-4
1420895527635, ACCL, 0.19618225, 0.0061035156, 9.653442
1420895527635, GYRO, 0.005645752, -0.0021972656, 0.0016326904
1420895527668, ACCL, 0.19856262, -0.012939453, 9.610596
1420895527668, GYRO, 0.0077819824, -0.0011291504, 0.0016326904
1420895527699, ACCL, 0.17237854, -0.010559082, 9.641541
1420895527700, GYRO, 0.006713867, -0.0021972656, -0.0015716553
1420895527729, ACCL, 0.16523743, 0.03466797, 9.608215
1420895527731, GYRO, 0.006713867, -0.0032653809, -5.0354004E-4
1420895527759, ACCL, 0.20570374, -0.017700195, 9.684387
1420895527760, GYRO, 0.006713867, -0.0021972656, -0.0015716553
1420895527789, ACCL, 0.14857483, -0.0034179688, 9.5772705
1420895527789, GYRO, 0.006713867, -0.0032653809, 5.645752E-4
1420895527820, ACCL, 0.1509552, 0.015625, 9.662964
1420895527820, GYRO, 0.005645752, -0.0032653809, 5.645752E-4
1420895527851, ACCL, 0.15809631, -0.00579834, 9.634399
1420895527852, GYRO, 0.006713867, -0.0021972656, -0.0015716553
1420895527881, ACCL, 0.16285706, 0.018005371, 9.670105
1420895527881, GYRO, 0.0077819824, -0.0021972656, 5.645752E-4
1420895527911, ACCL, 0.18190002, -0.020080566, 9.591553
1420895527912, GYRO, 0.006713867, -0.0032653809, 5.645752E-4
1420895527941, ACCL, 0.1676178, -0.060546875, 9.643921
1420895527941, GYRO, 0.0077819824, -0.0032653809, 0.0016326904
1420895527972, ACCL, 0.18190002, -0.0010375977, 9.567749
1420895527972, GYRO, 0.005645752, -0.0021972656, -5.0354004E-4
1420895528002, ACCL, 0.2247467, -0.010559082, 9.624878
1420895528003, GYRO, 0.0077819824, -0.0011291504, 5.645752E-4
1420895528032, ACCL, 0.16999817, -0.012939453, 9.658203
1420895528033, GYRO, 0.0077819824, -6.1035156E-5, 5.645752E-4
1420895528062, ACCL, 0.1842804, 0.03466797, 9.524902
1420895528063, GYRO, 0.008850098, -0.0021972656, -5.0354004E-4
1420895528092, ACCL, 0.17951965, -0.020080566, 9.601074
1420895528092, GYRO, 0.005645752, -0.0032653809, 5.645752E-4
1420895528122, ACCL, 0.18190002, 0.015625, 9.63916
1420895528122, GYRO, 0.006713867, -0.0032653809, 0.0016326904
1420895528152, ACCL, 0.19380188, 0.03466797, 9.624878
1420895528153, GYRO, 0.006713867, -0.0011291504, 0.0016326904
1420895528182, ACCL, 0.16999817, 0.025146484, 9.589172
1420895528182, GYRO, 0.006713867, -6.1035156E-5, 5.645752E-4
1420895528212, ACCL, 0.20332336, -0.02960205, 9.617737
1420895528212, GYRO, 0.0077819824, -0.0021972656, 0.0016326904
1420895528242, ACCL, 0.1842804, -0.008178711, 9.603455
1420895528243, GYRO, 0.006713867, -0.0021972656, 5.645752E-4
1420895528272, ACCL, 0.21760559, 0.0061035156, 9.589172
1420895528272, GYRO, 0.006713867, -0.0032653809, 5.645752E-4
1420895528303, ACCL, 0.19380188, 0.0061035156, 9.596313
1420895528303, GYRO, 0.006713867, -0.0032653809, 5.645752E-4
1420895528332, ACCL, 0.16999817, -0.020080566, 9.582031
1420895528332, GYRO, 0.008850098, -0.0021972656, 0.0016326904
1420895528363, ACCL, 0.16285706, -0.02722168, 9.596313
1420895528364, GYRO, 0.0077819824, -0.0021972656, 0.0016326904
1420895528393, ACCL, 0.21760559, -0.036743164, 9.698669
1420895528393, GYRO, 0.008850098, -0.0011291504, 0.0016326904
1420895528423, ACCL, 0.17475891, -0.008178711, 9.593933
1420895528423, GYRO, 0.006713867, -0.0011291504, -5.0354004E-4
1420895528453, ACCL, 0.18190002, -0.024841309, 9.584412
1420895528454, GYRO, 0.005645752, -0.0032653809, -0.0015716553
1420895528483, ACCL, 0.16999817, 0.025146484, 9.658203
1420895528483, GYRO, 0.0045776367, -0.0021972656, -5.0354004E-4
1420895528514, ACCL, 0.18666077, -0.020080566, 9.567749
1420895528514, GYRO, 0.0077819824, -0.0011291504, 0.0016326904
1420895528544, ACCL, 0.2080841, -0.039123535, 9.693909
1420895528544, GYRO, 0.009918213, -0.0011291504, 0.0016326904
1420895528574, ACCL, 0.200943, 0.027526855, 9.627258
1420895528574, GYRO, 0.006713867, -0.0021972656, 5.645752E-4
1420895528604, ACCL, 0.16999817, -0.043884277, 9.670105
1420895528605, GYRO, 0.006713867, -0.004333496, 0.0016326904
1420895528635, ACCL, 0.17951965, 0.041809082, 9.629639
1420895528635, GYRO, 0.008850098, -0.0032653809, -0.0026397705
1420895528665, ACCL, 0.18904114, -0.034362793, 9.643921
1420895528666, GYRO, 0.005645752, -0.0011291504, -0.0015716553
1420895528695, ACCL, 0.1842804, -0.010559082, 9.586792
1420895528695, GYRO, 0.0077819824, -0.0021972656, 0.0016326904
1420895528725, ACCL, 0.14143372, 0.0061035156, 9.610596
1420895528726, GYRO, 0.006713867, -0.0011291504, 0.0016326904
1420895528755, ACCL, 0.19142151, -0.02722168, 9.63678
1420895528755, GYRO, 0.0077819824, -0.004333496, -5.0354004E-4
1420895528786, ACCL, 0.19618225, 0.020385742, 9.586792
1420895528786, GYRO, 0.0077819824, -0.0011291504, 5.645752E-4
1420895528816, ACCL, 0.18904114, -0.015319824, 9.612976
1420895528816, GYRO, 0.0077819824, -0.0021972656, -5.0354004E-4
1420895528845, ACCL, 0.1676178, -0.008178711, 9.620117
1420895528846, GYRO, 0.006713867, -0.0021972656, -5.0354004E-4
1420895528875, ACCL, 0.16523743, 0.0037231445, 9.648682
1420895528875, GYRO, 0.006713867, -0.0021972656, 5.645752E-4
1420895528906, ACCL, 0.13667297, -0.0010375977, 9.589172
1420895528906, GYRO, 0.0077819824, -0.0032653809, 5.645752E-4
1420895528937, ACCL, 0.2247467, 0.0037231445, 9.608215
1420895528938, GYRO, 0.008850098, -0.0011291504, -5.0354004E-4
1420895528968, ACCL, 0.15571594, -0.008178711, 9.591553
1420895528968, GYRO, 0.0077819824, -0.0011291504, 5.645752E-4
1420895528997, ACCL, 0.21284485, -0.0034179688, 9.682007
1420895528997, GYRO, 0.006713867, -0.0021972656, 5.645752E-4
1420895529027, ACCL, 0.15333557, -0.010559082, 9.601074
1420895529027, GYRO, 0.006713867, -0.0021972656, 5.645752E-4
1420895529057, ACCL, 0.20570374, -0.015319824, 9.5772705
1420895529058, GYRO, 0.006713867, -0.0021972656, -5.0354004E-4
1420895529087, ACCL, 0.13905334, -0.020080566, 9.665344
1420895529087, GYRO, 0.008850098, -0.0021972656, 5.645752E-4
1420895529117, ACCL, 0.17713928, 0.018005371, 9.591553
1420895529118, GYRO, 0.0077819824, -0.0021972656, -0.0015716553
1420895529148, ACCL, 0.14857483, 0.020385742, 9.698669
1420895529148, GYRO, 0.005645752, -0.0021972656, 5.645752E-4
1420895529178, ACCL, 0.18190002, -0.020080566, 9.624878
1420895529178, GYRO, 0.005645752, -0.0032653809, 5.645752E-4
1420895529208, ACCL, 0.22712708, 0.025146484, 9.601074
1420895529208, GYRO, 0.006713867, -0.0021972656, 5.645752E-4
1420895529238, ACCL, 0.1842804, -0.015319824, 9.565369
1420895529239, GYRO, 0.006713867, -0.0021972656, 5.645752E-4
1420895529268, ACCL, 0.21284485, -0.024841309, 9.751038
1420895529268, GYRO, 0.006713867, -0.0021972656, 5.645752E-4
1420895529299, ACCL, 0.17237854, -0.022460938, 9.5772705
1420895529299, GYRO, 0.0077819824, -0.0021972656, -5.0354004E-4
1420895529329, ACCL, 0.21522522, -0.031982422, 9.682007
1420895529330, GYRO, 0.006713867, -0.0021972656, 5.645752E-4
1420895529359, ACCL, 0.18904114, 0.0013427734, 9.622498
1420895529359, GYRO, 0.008850098, -0.0021972656, 5.645752E-4
1420895529390, ACCL, 0.1842804, -0.008178711, 9.608215
1420895529391, GYRO, 0.0077819824, -0.0032653809, 5.645752E-4
1420895529420, ACCL, 0.2080841, 0.0013427734, 9.603455
1420895529421, GYRO, 0.0077819824, -0.0032653809, 0.0016326904
1420895529450, ACCL, 0.18190002, -0.0034179688, 9.705811
1420895529451, GYRO, 0.0077819824, -0.0011291504, 5.645752E-4
1420895529480, ACCL, 0.19142151, 0.0061035156, 9.622498
1420895529481, GYRO, 0.0077819824, -0.004333496, 0.0016326904
1420895529510, ACCL, 0.19142151, -0.008178711, 9.629639
1420895529510, GYRO, 0.008850098, -6.1035156E-5, 0.0016326904
1420895529541, ACCL, 0.18904114, 0.029907227, 9.6605835
1420895529541, GYRO, 0.008850098, -0.0021972656, 5.645752E-4
1420895529572, ACCL, 0.19380188, 0.03466797, 9.579651
1420895529572, GYRO, 0.006713867, -0.0021972656, 0.0016326904
1420895529603, ACCL, 0.18190002, 0.018005371, 9.617737
1420895529603, GYRO, 0.0077819824, -0.0032653809, 5.645752E-4
1420895529633, ACCL, 0.21760559, -0.00579834, 9.63678
1420895529634, GYRO, 0.0077819824, -0.0011291504, -5.0354004E-4
1420895529663, ACCL, 0.17951965, 0.020385742, 9.612976
1420895529663, GYRO, 0.006713867, -0.0011291504, 5.645752E-4
1420895529693, ACCL, 0.17713928, -0.017700195, 9.591553
1420895529694, GYRO, 0.006713867, -0.0032653809, 0.0016326904
1420895529723, ACCL, 0.16047668, -0.020080566, 9.627258
1420895529724, GYRO, 0.0077819824, -0.0021972656, -5.0354004E-4
1420895529753, ACCL, 0.1676178, -0.0034179688, 9.539185
1420895529753, GYRO, 0.008850098, -0.0021972656, -5.0354004E-4
1420895529783, ACCL, 0.18190002, -0.0010375977, 9.593933
1420895529784, GYRO, 0.0077819824, -0.0032653809, -0.0015716553
1420895529813, ACCL, 0.21284485, 0.022766113, 9.579651
1420895529813, GYRO, 0.008850098, -0.0032653809, -5.0354004E-4
1420895529844, ACCL, 0.1842804, -0.020080566, 9.593933
1420895529845, GYRO, 0.005645752, -0.0032653809, 5.645752E-4
1420895529874, ACCL, 0.19618225, 0.032287598, 9.684387
1420895529874, GYRO, 0.0077819824, -0.0021972656, 5.645752E-4
1420895529904, ACCL, 0.19856262, 0.0037231445, 9.643921
1420895529904, GYRO, 0.0077819824, -0.0032653809, 0.0027008057
1420895529935, ACCL, 0.15809631, -0.008178711, 9.624878
1420895529935, GYRO, 0.006713867, -0.0011291504, -5.0354004E-4
1420895529965, ACCL, 0.15333557, 0.0013427734, 9.603455
1420895529966, GYRO, 0.0077819824, -0.0032653809, 5.645752E-4
1420895529995, ACCL, 0.1676178, -0.05102539, 9.693909
1420895529995, GYRO, 0.0077819824, -0.0021972656, -5.0354004E-4
1420895530026, ACCL, 0.13191223, 0.008483887, 9.593933
1420895530026, GYRO, 0.009918213, -0.0021972656, 0.0016326904
1420895530057, ACCL, 0.17713928, 0.008483887, 9.670105
1420895530057, GYRO, 0.005645752, -0.0011291504, 5.645752E-4
1420895530087, ACCL, 0.17237854, -0.043884277, 9.653442
1420895530088, GYRO, 0.0077819824, -0.0021972656, 5.645752E-4
1420895530117, ACCL, 0.17475891, 0.029907227, 9.655823
1420895530118, GYRO, 0.006713867, -0.0021972656, 5.645752E-4
1420895530147, ACCL, 0.14857483, -0.010559082, 9.565369
1420895530147, GYRO, 0.008850098, -0.0032653809, 5.645752E-4
1420895530177, ACCL, 0.18666077, -0.00579834, 9.615356
1420895530177, GYRO, 0.006713867, -0.0021972656, 0.0016326904
1420895530207, ACCL, 0.1842804, 0.025146484, 9.567749
1420895530208, GYRO, 0.006713867, -0.0011291504, -5.0354004E-4
1420895530238, ACCL, 0.1842804, -0.00579834, 9.651062
1420895530238, GYRO, 0.006713867, -0.0021972656, -5.0354004E-4
1420895530267, ACCL, 0.18666077, -0.012939453, 9.641541
1420895530268, GYRO, 0.0077819824, -0.0011291504, 5.645752E-4
1420895530297, ACCL, 0.2247467, 0.0061035156, 9.601074
1420895530297, GYRO, 0.006713867, -0.0021972656, 0.0027008057
1420895530327, ACCL, 0.2080841, -0.008178711, 9.696289
1420895530328, GYRO, 0.0077819824, -0.0032653809, -5.0354004E-4
1420895530357, ACCL, 0.17951965, 0.0061035156, 9.529663
1420895530358, GYRO, 0.0077819824, -0.0021972656, 0.0016326904
1420895530387, ACCL, 0.14143372, -0.0010375977, 9.591553
1420895530387, GYRO, 0.006713867, -0.0032653809, 5.645752E-4
1420895530417, ACCL, 0.19380188, 0.0013427734, 9.651062
1420895530417, GYRO, 0.006713867, -0.0021972656, 0.0016326904
1420895530447, ACCL, 0.18904114, -0.022460938, 9.567749
1420895530448, GYRO, 0.006713867, -0.0021972656, -5.0354004E-4
1420895530477, ACCL, 0.16285706, 0.018005371, 9.629639
1420895530478, GYRO, 0.0077819824, -0.0011291504, -0.0015716553
1420895530507, ACCL, 0.2080841, -0.017700195, 9.715332
1420895530508, GYRO, 0.0077819824, -0.0032653809, 5.645752E-4
1420895530537, ACCL, 0.1676178, -0.034362793, 9.5772705
1420895530538, GYRO, 0.0077819824, -0.0021972656, 5.645752E-4
1420895530567, ACCL, 0.19856262, 0.008483887, 9.634399
1420895530568, GYRO, 0.006713867, -0.0021972656, 0.0016326904
1420895530597, ACCL, 0.19142151, -0.015319824, 9.665344
1420895530597, GYRO, 0.006713867, -0.0011291504, 0.0016326904
1420895530627, ACCL, 0.17713928, 0.0037231445, 9.612976
1420895530628, GYRO, 0.0077819824, -0.0011291504, 5.645752E-4
1420895530658, ACCL, 0.17475891, 0.0013427734, 9.653442
1420895530659, GYRO, 0.005645752, -0.0021972656, -5.0354004E-4
1420895530687, ACCL, 0.15333557, -0.010559082, 9.57251
1420895530688, GYRO, 0.0077819824, -0.0011291504, 0.0016326904
1420895530717, ACCL, 0.15809631, 0.0061035156, 9.627258
1420895530717, GYRO, 0.006713867, -0.0021972656, 5.645752E-4
1420895530748, ACCL, 0.15571594, 0.0037231445, 9.615356
1420895530748, GYRO, 0.0077819824, -0.0032653809, -5.0354004E-4
1420895530778, ACCL, 0.21522522, -0.024841309, 9.598694
1420895530778, GYRO, 0.009918213, -0.0021972656, 0.0027008057
1420895530808, ACCL, 0.19380188, -0.015319824, 9.555847
1420895530809, GYRO, 0.0077819824, -0.0021972656, 0.0016326904
1420895530838, ACCL, 0.15333557, -0.020080566, 9.651062
1420895530839, GYRO, 0.008850098, -0.0032653809, 0.0027008057
1420895530868, ACCL, 0.17951965, 0.0013427734, 9.586792
1420895530868, GYRO, 0.006713867, -0.0021972656, 5.645752E-4
1420895530898, ACCL, 0.15571594, 0.018005371, 9.586792
1420895530898, GYRO, 0.006713867, -0.004333496, 5.645752E-4
1420895530929, ACCL, 0.19142151, 0.013244629, 9.689148
1420895530929, GYRO, 0.006713867, -0.0032653809, 5.645752E-4
1420895530958, ACCL, 0.21046448, 0.010864258, 9.560608
1420895530958, GYRO, 0.0077819824, -0.0032653809, 5.645752E-4
1420895530988, ACCL, 0.19856262, 0.0061035156, 9.696289
1420895530991, GYRO, 0.0077819824, -0.0032653809, 0.0016326904
1420895531018, ACCL, 0.19618225, -0.020080566, 9.579651
1420895531019, GYRO, 0.008850098, -0.0021972656, 5.645752E-4
1420895531048, ACCL, 0.1842804, -0.008178711, 9.63678
1420895531048, GYRO, 0.006713867, -0.0021972656, 0.0016326904
1420895531078, ACCL, 0.17237854, 0.0013427734, 9.627258
1420895531078, GYRO, 0.009918213, -0.0011291504, 0.0016326904
1420895531109, ACCL, 0.1842804, 0.008483887, 9.634399
1420895531109, GYRO, 0.008850098, -0.0032653809, 5.645752E-4
1420895531139, ACCL, 0.13191223, -0.012939453, 9.593933
1420895531140, GYRO, 0.006713867, -0.0032653809, 0.0016326904
1420895531169, ACCL, 0.17713928, 0.008483887, 9.586792
1420895531170, GYRO, 0.0077819824, -0.0011291504, 5.645752E-4
1420895531199, ACCL, 0.1842804, 0.0061035156, 9.579651
1420895531199, GYRO, 0.008850098, -0.0032653809, 0.0016326904
1420895531229, ACCL, 0.16047668, 0.0013427734, 9.620117
1420895531229, GYRO, 0.006713867, -0.0021972656, 5.645752E-4
1420895531260, ACCL, 0.19618225, -0.039123535, 9.674866
1420895531260, GYRO, 0.009918213, -0.0011291504, 5.645752E-4
1420895531290, ACCL, 0.15809631, 0.0037231445, 9.570129
1420895531291, GYRO, 0.006713867, -0.0021972656, -5.0354004E-4
1420895531321, ACCL, 0.19380188, -0.017700195, 9.596313
1420895531321, GYRO, 0.008850098, -0.0021972656, 0.0016326904
1420895531350, ACCL, 0.17237854, 0.0037231445, 9.598694
1420895531351, GYRO, 0.0077819824, -0.0021972656, -5.0354004E-4
1420895531381, ACCL, 0.2080841, -0.00579834, 9.586792
1420895531382, GYRO, 0.006713867, -0.0011291504, -5.0354004E-4
1420895531411, ACCL, 0.14619446, 0.025146484, 9.593933
1420895531412, GYRO, 0.010986328, -0.0021972656, 0.0016326904
1420895531441, ACCL, 0.18666077, -0.022460938, 9.598694
1420895531442, GYRO, 0.008850098, -0.0021972656, 5.645752E-4
1420895531471, ACCL, 0.16999817, 0.008483887, 9.63678
1420895531471, GYRO, 0.005645752, -0.0021972656, 0.0016326904
1420895531502, ACCL, 0.2080841, 0.025146484, 9.624878
1420895531503, GYRO, 0.0077819824, -0.0021972656, 5.645752E-4
1420895531532, ACCL, 0.1842804, 0.008483887, 9.698669
1420895531532, GYRO, 0.0077819824, -0.0032653809, 5.645752E-4
1420895531566, ACCL, 0.200943, 0.027526855, 9.562988
1420895531566, GYRO, 0.006713867, -0.0021972656, -5.0354004E-4
1420895531595, ACCL, 0.15571594, -0.017700195, 9.63678
1420895531595, GYRO, 0.0077819824, -0.0021972656, 5.645752E-4
1420895531625, ACCL, 0.19618225, -0.022460938, 9.670105
1420895531626, GYRO, 0.008850098, -0.0032653809, 5.645752E-4
1420895531655, ACCL, 0.16285706, -0.012939453, 9.532043
1420895531655, GYRO, 0.0077819824, -0.0021972656, -5.0354004E-4
1420895531686, ACCL, 0.1842804, 0.025146484, 9.617737
1420895531686, GYRO, 0.006713867, -0.0011291504, 0.0016326904
1420895531716, ACCL, 0.16047668, 0.027526855, 9.579651
1420895531716, GYRO, 0.009918213, -0.0021972656, 5.645752E-4
1420895531746, ACCL, 0.1842804, -0.022460938, 9.620117
1420895531746, GYRO, 0.008850098, -0.0021972656, -5.0354004E-4
1420895531776, ACCL, 0.18190002, 0.0061035156, 9.648682
1420895531777, GYRO, 0.005645752, -0.004333496, 0.0016326904
1420895531806, ACCL, 0.2080841, -0.015319824, 9.593933
1420895531806, GYRO, 0.008850098, -0.0032653809, 5.645752E-4
1420895531837, ACCL, 0.19856262, 0.044189453, 9.679626
1420895531837, GYRO, 0.006713867, -0.0021972656, 0.0016326904
1420895531867, ACCL, 0.14857483, 0.0061035156, 9.551086
1420895531868, GYRO, 0.0077819824, -0.0032653809, 5.645752E-4
1420895531897, ACCL, 0.18904114, -0.010559082, 9.624878
1420895531897, GYRO, 0.006713867, -6.1035156E-5, -5.0354004E-4
1420895531928, ACCL, 0.18190002, -0.022460938, 9.622498
1420895531928, GYRO, 0.0077819824, -0.0021972656, 5.645752E-4
1420895531958, ACCL, 0.17951965, -0.010559082, 9.698669
1420895531958, GYRO, 0.008850098, -0.0011291504, -5.0354004E-4
1420895531988, ACCL, 0.17475891, 0.0061035156, 9.589172
1420895531988, GYRO, 0.005645752, -0.0021972656, -5.0354004E-4
1420895532018, ACCL, 0.16285706, -0.008178711, 9.634399
1420895532019, GYRO, 0.0077819824, -0.0021972656, 0.0016326904
1420895532048, ACCL, 0.17713928, -0.012939453, 9.601074
1420895532048, GYRO, 0.006713867, -0.0011291504, 5.645752E-4
1420895532078, ACCL, 0.16285706, -0.012939453, 9.620117
1420895532078, GYRO, 0.0077819824, -0.0021972656, 5.645752E-4
1420895532108, ACCL, 0.16047668, -0.015319824, 9.648682
1420895532109, GYRO, 0.0077819824, -0.0021972656, 5.645752E-4
1420895532138, ACCL, 0.13905334, 0.0037231445, 9.527283
1420895532138, GYRO, 0.006713867, -0.0011291504, 0.0016326904
1420895532168, ACCL, 0.1842804, 0.03466797, 9.646301
1420895532168, GYRO, 0.008850098, -0.0032653809, 5.645752E-4
1420895532198, ACCL, 0.19142151, 0.03942871, 9.567749
1420895532199, GYRO, 0.0077819824, -0.0021972656, 5.645752E-4
1420895532229, ACCL, 0.18190002, 0.008483887, 9.608215
1420895532229, GYRO, 0.0077819824, -0.0032653809, -5.0354004E-4
1420895532260, ACCL, 0.1676178, -0.010559082, 9.515381
1420895532260, GYRO, 0.008850098, -0.004333496, 5.645752E-4
1420895532289, ACCL, 0.2080841, -0.031982422, 9.705811
1420895532289, GYRO, 0.006713867, -0.0021972656, 0.0016326904
1420895532320, ACCL, 0.21284485, -0.0010375977, 9.622498
1420895532320, GYRO, 0.0077819824, -0.0032653809, 0.0027008057
1420895532351, ACCL, 0.18904114, -0.0010375977, 9.691528
1420895532351, GYRO, 0.008850098, -0.0011291504, 5.645752E-4
1420895532380, ACCL, 0.14857483, -0.00579834, 9.643921
1420895532380, GYRO, 0.008850098, -0.0032653809, -5.0354004E-4
1420895532410, ACCL, 0.18904114, 0.020385742, 9.617737
1420895532410, GYRO, 0.006713867, -0.0021972656, -0.0015716553
1420895532440, ACCL, 0.16999817, 0.018005371, 9.5772705
1420895532441, GYRO, 0.006713867, -0.0032653809, -5.0354004E-4
1420895532470, ACCL, 0.16523743, 0.018005371, 9.641541
1420895532470, GYRO, 0.008850098, -0.0021972656, 5.645752E-4
1420895532500, ACCL, 0.2080841, -0.031982422, 9.608215
1420895532500, GYRO, 0.0077819824, -0.0011291504, 5.645752E-4
1420895532530, ACCL, 0.18190002, -0.010559082, 9.57251
1420895532531, GYRO, 0.006713867, -0.0032653809, 0.0016326904
1420895532560, ACCL, 0.16047668, -0.022460938, 9.705811
1420895532560, GYRO, 0.005645752, -0.0032653809, -5.0354004E-4
1420895532590, ACCL, 0.19380188, -0.008178711, 9.567749
1420895532591, GYRO, 0.006713867, -0.0032653809, -5.0354004E-4
1420895532620, ACCL, 0.15571594, -0.031982422, 9.693909
1420895532620, GYRO, 0.008850098, -0.0011291504, -5.0354004E-4
1420895532651, ACCL, 0.20570374, -0.010559082, 9.57251
1420895532652, GYRO, 0.006713867, -0.0011291504, 5.645752E-4
1420895532681, ACCL, 0.1676178, -0.036743164, 9.653442
1420895532681, GYRO, 0.006713867, -0.0011291504, 0.0016326904
1420895532711, ACCL, 0.19142151, 0.008483887, 9.605835
1420895532711, GYRO, 0.0077819824, -0.0021972656, -5.0354004E-4
1420895532741, ACCL, 0.22950745, -0.031982422, 9.689148
1420895532742, GYRO, 0.0077819824, -0.004333496, 5.645752E-4
1420895532771, ACCL, 0.18190002, 0.0061035156, 9.582031
1420895532771, GYRO, 0.008850098, -0.0011291504, -5.0354004E-4
1420895532802, ACCL, 0.16047668, -0.0010375977, 9.643921
1420895532802, GYRO, 0.006713867, -0.0032653809, 5.645752E-4
1420895532832, ACCL, 0.1342926, -0.024841309, 9.579651
1420895532833, GYRO, 0.006713867, -0.0011291504, 5.645752E-4
1420895532862, ACCL, 0.16285706, -0.043884277, 9.570129
1420895532862, GYRO, 0.006713867, -0.0021972656, 0.0016326904
1420895532892, ACCL, 0.17951965, -0.02722168, 9.712952
1420895532893, GYRO, 0.0077819824, -0.0032653809, 0.0016326904
1420895532923, ACCL, 0.16999817, -0.00579834, 9.570129
1420895532923, GYRO, 0.006713867, -0.0021972656, 5.645752E-4
1420895532953, ACCL, 0.23902893, -0.022460938, 9.629639
1420895532953, GYRO, 0.006713867, -0.0032653809, -5.0354004E-4
1420895532982, ACCL, 0.18190002, -0.00579834, 9.579651
1420895532983, GYRO, 0.006713867, -0.0021972656, 5.645752E-4
1420895533012, ACCL, 0.18190002, -0.0034179688, 9.615356
1420895533012, GYRO, 0.0077819824, -0.0032653809, 5.645752E-4
1420895533043, ACCL, 0.22712708, 0.0037231445, 9.624878
1420895533043, GYRO, 0.006713867, -0.0021972656, 0.0016326904
1420895533073, ACCL, 0.19856262, -0.015319824, 9.634399
1420895533074, GYRO, 0.0077819824, -6.1035156E-5, -0.0015716553
1420895533103, ACCL, 0.14619446, 0.0037231445, 9.620117
1420895533104, GYRO, 0.0077819824, -0.0021972656, -5.0354004E-4
1420895533133, ACCL, 0.19856262, -0.0748291, 9.57251
1420895533134, GYRO, 0.008850098, -0.0021972656, 5.645752E-4
1420895533163, ACCL, 0.21046448, 0.0037231445, 9.689148
1420895533163, GYRO, 0.006713867, -0.0011291504, -5.0354004E-4
1420895533193, ACCL, 0.12715149, -0.02722168, 9.553467
1420895533194, GYRO, 0.006713867, -0.0021972656, 0.0016326904
1420895533223, ACCL, 0.21522522, 0.018005371, 9.6605835
1420895533224, GYRO, 0.006713867, -0.0032653809, -0.0015716553
1420895533253, ACCL, 0.14619446, 0.0037231445, 9.565369
1420895533253, GYRO, 0.0077819824, -0.0021972656, 5.645752E-4
1420895533284, ACCL, 0.1842804, -0.05102539, 9.5772705
1420895533284, GYRO, 0.006713867, -0.0021972656, -5.0354004E-4
1420895533314, ACCL, 0.23188782, 0.0013427734, 9.5772705
1420895533314, GYRO, 0.006713867, -0.004333496, -5.0354004E-4
1420895533344, ACCL, 0.1842804, -0.034362793, 9.689148
1420895533344, GYRO, 0.0077819824, -0.0021972656, 0.0016326904
1420895533374, ACCL, 0.16523743, 0.0013427734, 9.555847
1420895533374, GYRO, 0.0077819824, -0.0021972656, 5.645752E-4
1420895533404, ACCL, 0.2080841, -0.039123535, 9.586792
1420895533404, GYRO, 0.006713867, -0.0021972656, 5.645752E-4
1420895533435, ACCL, 0.18666077, -0.010559082, 9.617737
1420895533435, GYRO, 0.0077819824, -0.0032653809, 0.0016326904
1420895533464, ACCL, 0.1509552, -0.043884277, 9.617737
1420895533464, GYRO, 0.006713867, -0.0021972656, -5.0354004E-4
1420895533495, ACCL, 0.200943, -0.00579834, 9.627258
1420895533495, GYRO, 0.0077819824, -0.0032653809, 0.0016326904
1420895533525, ACCL, 0.17237854, -0.015319824, 9.641541
1420895533525, GYRO, 0.0077819824, -0.0021972656, 5.645752E-4
1420895533555, ACCL, 0.16285706, -0.0034179688, 9.579651
1420895533555, GYRO, 0.006713867, -0.0032653809, 5.645752E-4
1420895533586, ACCL, 0.18904114, -0.012939453, 9.603455
1420895533586, GYRO, 0.0077819824, -0.0011291504, 5.645752E-4
1420895533616, ACCL, 0.18666077, -0.02960205, 9.641541
1420895533616, GYRO, 0.005645752, -0.0032653809, -5.0354004E-4
1420895533646, ACCL, 0.18190002, -0.022460938, 9.567749
1420895533646, GYRO, 0.008850098, -0.0021972656, 5.645752E-4
1420895533676, ACCL, 0.17475891, -0.0010375977, 9.653442
1420895533677, GYRO, 0.0077819824, -0.004333496, 5.645752E-4
1420895533706, ACCL, 0.200943, -0.020080566, 9.560608
1420895533706, GYRO, 0.0077819824, -0.0021972656, -5.0354004E-4
1420895533737, ACCL, 0.17475891, -0.02960205, 9.648682
1420895533737, GYRO, 0.0077819824, -0.0032653809, 0.0016326904
1420895533766, ACCL, 0.18190002, 0.008483887, 9.627258
1420895533767, GYRO, 0.0077819824, -0.0021972656, -5.0354004E-4
1420895533796, ACCL, 0.17713928, -0.017700195, 9.627258
1420895533797, GYRO, 0.008850098, -0.0032653809, 0.0016326904
1420895533826, ACCL, 0.19618225, 0.0013427734, 9.491577
1420895533826, GYRO, 0.0077819824, -0.0021972656, -5.0354004E-4
1420895533856, ACCL, 0.14619446, 0.010864258, 9.586792
1420895533856, GYRO, 0.008850098, -0.0011291504, 0.0016326904
1420895533886, ACCL, 0.19380188, -0.020080566, 9.610596
1420895533887, GYRO, 0.0077819824, -0.0011291504, 5.645752E-4
1420895533916, ACCL, 0.200943, -0.012939453, 9.615356
1420895533916, GYRO, 0.006713867, -0.0011291504, 5.645752E-4
1420895533946, ACCL, 0.21522522, -0.022460938, 9.674866
1420895533947, GYRO, 0.008850098, -0.0021972656, -5.0354004E-4
1420895533976, ACCL, 0.19380188, -0.020080566, 9.567749
1420895533976, GYRO, 0.0077819824, -0.0021972656, 5.645752E-4
1420895534006, ACCL, 0.15809631, 0.0061035156, 9.548706
1420895534006, GYRO, 0.0077819824, -0.0021972656, 5.645752E-4
1420895534036, ACCL, 0.18904114, 0.0037231445, 9.57489
1420895534037, GYRO, 0.0077819824, -0.0021972656, 5.645752E-4
1420895534066, ACCL, 0.1842804, -0.034362793, 9.63916
1420895534066, GYRO, 0.006713867, -0.0032653809, 5.645752E-4
1420895534096, ACCL, 0.18190002, -0.0010375977, 9.651062
1420895534097, GYRO, 0.005645752, -0.0011291504, -5.0354004E-4
1420895534127, ACCL, 0.17475891, -0.0034179688, 9.543945
1420895534127, GYRO, 0.008850098, -0.0011291504, 0.0016326904
1420895534157, ACCL, 0.17713928, -0.010559082, 9.565369
1420895534157, GYRO, 0.0077819824, -0.0021972656, 5.645752E-4
1420895534187, ACCL, 0.1676178, 0.018005371, 9.677246
1420895534187, GYRO, 0.008850098, -0.0021972656, 5.645752E-4
1420895534217, ACCL, 0.17475891, -0.0010375977, 9.881958
1420895534218, GYRO, 3.0517578E-4, 0.005279541, 5.645752E-4
1420895534247, ACCL, 0.1842804, 0.015625, 9.646301
1420895534247, GYRO, 0.006713867, 0.0010070801, 5.645752E-4
1420895534278, ACCL, 0.12953186, -0.039123535, 9.405884
1420895534278, GYRO, 0.013122559, -0.008605957, 5.645752E-4
1420895534307, ACCL, 0.15333557, -0.0034179688, 9.584412
1420895534307, GYRO, 0.0077819824, -0.004333496, -5.0354004E-4
